,text_description,source,story_1,story_2
0,"We need an option for users to easily reset forgotten passwords, possibly through a security question or email verification.",app_review,"As a student, I want to track my progress and receive a certificate upon course completion so that I can showcase my achievements and knowledge gained.","As a bank customer, I want to receive notifications for transactions and low balance alerts so that I can monitor my account activity and avoid overdrafts."
1,The app should support gestures for navigation to make it easier and more intuitive to use on touchscreen devices.,business_case,"As a patient, I want to book, reschedule, or cancel my medical appointments online so that I can manage my healthcare schedule conveniently.","As a student, I want to track my progress and receive a certificate upon course completion so that I can showcase my achievements and knowledge gained."
2,"Users need an option to undo actions to prevent accidental mistakes, such as deleting an important file.",app_review,"As a patient, I want to book, reschedule, or cancel my medical appointments online so that I can manage my healthcare schedule conveniently.","As a home cook, I want to share my recipes with a community of food enthusiasts so that others can try my dishes and provide feedback."
3,A feature to create and manage groups would help users collaborate and communicate more effectively.,business_case,"As a bank customer, I want to receive notifications for transactions and low balance alerts so that I can monitor my account activity and avoid overdrafts.","As a home cook, I want to share my recipes with a community of food enthusiasts so that others can try my dishes and provide feedback."
4,An option to provide feedback within the app would help us gather user insights and improve the overall experience.,app_review,"As a patient, I want to book, reschedule, or cancel my medical appointments online so that I can manage my healthcare schedule conveniently.","As a fitness enthusiast, I want my fitness tracker data to sync automatically with my health app so that I can track my workouts and progress in one place."
5,Improved search functionality is necessary to help users find the information or products they are looking for more efficiently.,business_case,"As a bank customer, I want to receive notifications for transactions and low balance alerts so that I can monitor my account activity and avoid overdrafts.","As a bank customer, I want to receive notifications for transactions and low balance alerts so that I can monitor my account activity and avoid overdrafts."
6,Simplified navigation would improve the user experience by making it easier to move between different sections of the app.,app_review,"As a patient, I want to book, reschedule, or cancel my medical appointments online so that I can manage my healthcare schedule conveniently.","As a fitness enthusiast, I want my fitness tracker data to sync automatically with my health app so that I can track my workouts and progress in one place."
7,Including a tutorial for new users would help them get acquainted with the app’s features and how to use them effectively.,app_review,"As a movie lover, I want to create and manage a watchlist and receive recommendations so that I can easily find and enjoy new content that matches my interests.","As a home cook, I want to share my recipes with a community of food enthusiasts so that others can try my dishes and provide feedback."
8,Users should receive personalized recommendations based on their usage patterns and preferences.,app_review,"As a patient, I want to book, reschedule, or cancel my medical appointments online so that I can manage my healthcare schedule conveniently.","As a team member, I want to assign tasks, set deadlines, and track progress in a shared workspace so that our team can collaborate effectively and meet project goals."
9,Including a tutorial for new users would help them get acquainted with the app’s features and how to use them effectively.,app_review,"As a student, I want to track my progress and receive a certificate upon course completion so that I can showcase my achievements and knowledge gained.","As a team member, I want to assign tasks, set deadlines, and track progress in a shared workspace so that our team can collaborate effectively and meet project goals."
10,Improved voice command functionality would make the app more accessible and convenient for hands-free use.,app_review,"As a team member, I want to assign tasks, set deadlines, and track progress in a shared workspace so that our team can collaborate effectively and meet project goals.","As a movie lover, I want to create and manage a watchlist and receive recommendations so that I can easily find and enjoy new content that matches my interests."
11,The app should support gestures for navigation to make it easier and more intuitive to use on touchscreen devices.,app_review,"As a team member, I want to assign tasks, set deadlines, and track progress in a shared workspace so that our team can collaborate effectively and meet project goals.","As a bank customer, I want to receive notifications for transactions and low balance alerts so that I can monitor my account activity and avoid overdrafts."
12,Users want a night mode for reading to reduce eye strain during nighttime use.,business_case,"As a fitness enthusiast, I want my fitness tracker data to sync automatically with my health app so that I can track my workouts and progress in one place.","As a patient, I want to book, reschedule, or cancel my medical appointments online so that I can manage my healthcare schedule conveniently."
13,An option to bulk delete items would save users a lot of time when managing their content.,app_review,"As a social media user, I want to update my profile picture and bio so that my profile accurately reflects my current appearance and interests.","As a customer, I want to filter products by price range, brand, and customer ratings so that I can find the products that best match my preferences and budget."
14,"We need an option for users to easily reset forgotten passwords, possibly through a security question or email verification.",business_case,"As a fitness enthusiast, I want my fitness tracker data to sync automatically with my health app so that I can track my workouts and progress in one place.","As a home cook, I want to share my recipes with a community of food enthusiasts so that others can try my dishes and provide feedback."
15,The app should load faster to improve user experience and reduce frustration with long wait times.,business_case,"As a customer, I want to filter products by price range, brand, and customer ratings so that I can find the products that best match my preferences and budget.","As a team member, I want to assign tasks, set deadlines, and track progress in a shared workspace so that our team can collaborate effectively and meet project goals."
16,An ability to filter search results by various criteria would help users narrow down their options more effectively.,business_case,"As a customer, I want to filter products by price range, brand, and customer ratings so that I can find the products that best match my preferences and budget.","As a fitness enthusiast, I want my fitness tracker data to sync automatically with my health app so that I can track my workouts and progress in one place."
17,An option to bulk delete items would save users a lot of time when managing their content.,business_case,"As a customer, I want to filter products by price range, brand, and customer ratings so that I can find the products that best match my preferences and budget.","As a social media user, I want to update my profile picture and bio so that my profile accurately reflects my current appearance and interests."
18,An ability to filter search results by various criteria would help users narrow down their options more effectively.,app_review,"As a patient, I want to book, reschedule, or cancel my medical appointments online so that I can manage my healthcare schedule conveniently.","As an event organizer, I want to create and manage events, send invitations, and track RSVPs so that I can ensure the event runs smoothly and attendees are informed."
19,Users should receive personalized recommendations based on their usage patterns and preferences.,business_case,"As a fitness enthusiast, I want my fitness tracker data to sync automatically with my health app so that I can track my workouts and progress in one place.","As a customer, I want to filter products by price range, brand, and customer ratings so that I can find the products that best match my preferences and budget."
20,A feature to create and manage groups would help users collaborate and communicate more effectively.,app_review,"As an event organizer, I want to create and manage events, send invitations, and track RSVPs so that I can ensure the event runs smoothly and attendees are informed.","As a bank customer, I want to receive notifications for transactions and low balance alerts so that I can monitor my account activity and avoid overdrafts."
21,Better integration with third-party apps would provide users with a more seamless and comprehensive experience.,business_case,"As a movie lover, I want to create and manage a watchlist and receive recommendations so that I can easily find and enjoy new content that matches my interests.","As a team member, I want to assign tasks, set deadlines, and track progress in a shared workspace so that our team can collaborate effectively and meet project goals."
22,Users need a way to import contacts from other sources to make connecting with friends and colleagues easier.,app_review,"As a fitness enthusiast, I want my fitness tracker data to sync automatically with my health app so that I can track my workouts and progress in one place.","As a bank customer, I want to receive notifications for transactions and low balance alerts so that I can monitor my account activity and avoid overdrafts."
23,"Users need a way to track their progress over time, such as through a visual progress bar or detailed activity logs.",business_case,"As a fitness enthusiast, I want my fitness tracker data to sync automatically with my health app so that I can track my workouts and progress in one place.","As a customer, I want to filter products by price range, brand, and customer ratings so that I can find the products that best match my preferences and budget."
24,Better integration with third-party apps would provide users with a more seamless and comprehensive experience.,app_review,"As an event organizer, I want to create and manage events, send invitations, and track RSVPs so that I can ensure the event runs smoothly and attendees are informed.","As a fitness enthusiast, I want my fitness tracker data to sync automatically with my health app so that I can track my workouts and progress in one place."
25,Users need a calendar view for scheduling and managing their appointments or events within the app.,app_review,"As a home cook, I want to share my recipes with a community of food enthusiasts so that others can try my dishes and provide feedback.","As a social media user, I want to update my profile picture and bio so that my profile accurately reflects my current appearance and interests."
26,Users want a detailed activity log to keep track of all their interactions and changes made within the app.,app_review,"As a social media user, I want to update my profile picture and bio so that my profile accurately reflects my current appearance and interests.","As a team member, I want to assign tasks, set deadlines, and track progress in a shared workspace so that our team can collaborate effectively and meet project goals."
27,An option to provide feedback within the app would help us gather user insights and improve the overall experience.,business_case,"As a customer, I want to filter products by price range, brand, and customer ratings so that I can find the products that best match my preferences and budget.","As a team member, I want to assign tasks, set deadlines, and track progress in a shared workspace so that our team can collaborate effectively and meet project goals."
28,Better integration with third-party apps would provide users with a more seamless and comprehensive experience.,business_case,"As a home cook, I want to share my recipes with a community of food enthusiasts so that others can try my dishes and provide feedback.","As a fitness enthusiast, I want my fitness tracker data to sync automatically with my health app so that I can track my workouts and progress in one place."
29,Users need a calendar view for scheduling and managing their appointments or events within the app.,business_case,"As a social media user, I want to update my profile picture and bio so that my profile accurately reflects my current appearance and interests.","As a customer, I want to filter products by price range, brand, and customer ratings so that I can find the products that best match my preferences and budget."
30,"Users need a straightforward way to report bugs and issues they encounter, perhaps through a 'Report a Problem' feature.",app_review,"As a patient, I want to book, reschedule, or cancel my medical appointments online so that I can manage my healthcare schedule conveniently.","As a patient, I want to book, reschedule, or cancel my medical appointments online so that I can manage my healthcare schedule conveniently."
31,A feature to share content with friends directly from the app would enhance user engagement and app visibility.,app_review,"As a patient, I want to book, reschedule, or cancel my medical appointments online so that I can manage my healthcare schedule conveniently.","As a customer, I want to filter products by price range, brand, and customer ratings so that I can find the products that best match my preferences and budget."
32,"Ability to link accounts with other services, like Google or Facebook, for a smoother signup and login process.",business_case,"As a team member, I want to assign tasks, set deadlines, and track progress in a shared workspace so that our team can collaborate effectively and meet project goals.","As a social media user, I want to update my profile picture and bio so that my profile accurately reflects my current appearance and interests."
33,"We need an option for users to easily reset forgotten passwords, possibly through a security question or email verification.",app_review,"As a customer, I want to filter products by price range, brand, and customer ratings so that I can find the products that best match my preferences and budget.","As a home cook, I want to share my recipes with a community of food enthusiasts so that others can try my dishes and provide feedback."
34,A feature to backup and restore data would give users peace of mind that their information is safe.,app_review,"As a patient, I want to book, reschedule, or cancel my medical appointments online so that I can manage my healthcare schedule conveniently.","As a social media user, I want to update my profile picture and bio so that my profile accurately reflects my current appearance and interests."
35,Users should have a seamless signup process that’s quick and easy to complete without any unnecessary steps.,business_case,"As a movie lover, I want to create and manage a watchlist and receive recommendations so that I can easily find and enjoy new content that matches my interests.","As a student, I want to track my progress and receive a certificate upon course completion so that I can showcase my achievements and knowledge gained."
36,"Users need a straightforward way to report bugs and issues they encounter, perhaps through a 'Report a Problem' feature.",app_review,"As a home cook, I want to share my recipes with a community of food enthusiasts so that others can try my dishes and provide feedback.","As a fitness enthusiast, I want my fitness tracker data to sync automatically with my health app so that I can track my workouts and progress in one place."
37,"Ability to sync data across multiple devices is essential for users who switch between phones, tablets, and computers.",business_case,"As a fitness enthusiast, I want my fitness tracker data to sync automatically with my health app so that I can track my workouts and progress in one place.","As a team member, I want to assign tasks, set deadlines, and track progress in a shared workspace so that our team can collaborate effectively and meet project goals."
38,Users want a quick start guide to help them get up and running with the app as quickly as possible.,business_case,"As a social media user, I want to update my profile picture and bio so that my profile accurately reflects my current appearance and interests.","As a customer, I want to filter products by price range, brand, and customer ratings so that I can find the products that best match my preferences and budget."
39,Improved voice command functionality would make the app more accessible and convenient for hands-free use.,app_review,"As a patient, I want to book, reschedule, or cancel my medical appointments online so that I can manage my healthcare schedule conveniently.","As a student, I want to track my progress and receive a certificate upon course completion so that I can showcase my achievements and knowledge gained."
40,There should be an ability to export data to external formats such as PDF or Excel for easier sharing and analysis.,business_case,"As a movie lover, I want to create and manage a watchlist and receive recommendations so that I can easily find and enjoy new content that matches my interests.","As a patient, I want to book, reschedule, or cancel my medical appointments online so that I can manage my healthcare schedule conveniently."
41,Users want the option to customize their notifications to only receive alerts for what’s most important to them.,app_review,"As a movie lover, I want to create and manage a watchlist and receive recommendations so that I can easily find and enjoy new content that matches my interests.","As a student, I want to track my progress and receive a certificate upon course completion so that I can showcase my achievements and knowledge gained."
42,"A feature to highlight important information, such as upcoming deadlines or new messages, would be very helpful.",app_review,"As a bank customer, I want to receive notifications for transactions and low balance alerts so that I can monitor my account activity and avoid overdrafts.","As a team member, I want to assign tasks, set deadlines, and track progress in a shared workspace so that our team can collaborate effectively and meet project goals."
43,Including a tutorial for new users would help them get acquainted with the app’s features and how to use them effectively.,business_case,"As a customer, I want to filter products by price range, brand, and customer ratings so that I can find the products that best match my preferences and budget.","As a movie lover, I want to create and manage a watchlist and receive recommendations so that I can easily find and enjoy new content that matches my interests."
44,Users should receive personalized recommendations based on their usage patterns and preferences.,business_case,"As a bank customer, I want to receive notifications for transactions and low balance alerts so that I can monitor my account activity and avoid overdrafts.","As a patient, I want to book, reschedule, or cancel my medical appointments online so that I can manage my healthcare schedule conveniently."
45,An option to provide feedback within the app would help us gather user insights and improve the overall experience.,business_case,"As a home cook, I want to share my recipes with a community of food enthusiasts so that others can try my dishes and provide feedback.","As a home cook, I want to share my recipes with a community of food enthusiasts so that others can try my dishes and provide feedback."
46,"Users need a way to track their progress over time, such as through a visual progress bar or detailed activity logs.",app_review,"As a patient, I want to book, reschedule, or cancel my medical appointments online so that I can manage my healthcare schedule conveniently.","As a home cook, I want to share my recipes with a community of food enthusiasts so that others can try my dishes and provide feedback."
47,An option to provide feedback within the app would help us gather user insights and improve the overall experience.,business_case,"As a customer, I want to filter products by price range, brand, and customer ratings so that I can find the products that best match my preferences and budget.","As an event organizer, I want to create and manage events, send invitations, and track RSVPs so that I can ensure the event runs smoothly and attendees are informed."
48,Simplified navigation would improve the user experience by making it easier to move between different sections of the app.,app_review,"As a home cook, I want to share my recipes with a community of food enthusiasts so that others can try my dishes and provide feedback.","As a movie lover, I want to create and manage a watchlist and receive recommendations so that I can easily find and enjoy new content that matches my interests."
49,A feature to backup and restore data would give users peace of mind that their information is safe.,business_case,"As a customer, I want to filter products by price range, brand, and customer ratings so that I can find the products that best match my preferences and budget.","As a social media user, I want to update my profile picture and bio so that my profile accurately reflects my current appearance and interests."
